DisplayNameUSA,ItemCodeUSA,DisplayNameCanada,ItemCodeCanada
Select One,NA Select One,Select One,NA Select One
Shaker,40007 Shaker,Shaker,40007 Shaker
Triple Berry Sugar Rimmer,40008 Triple Berry Sugar Rimmer,Triple Berry Sugar Rimmer,40008 Triple Berry Sugar Rimmer
Spiced Tamarind Salt Rimmer,40009 Spiced Tamarind Salt Rimmer,Spiced Tamarind Salt Rimmer,40009 Spiced Tamarind Salt Rimmer
Pink Himalayan Margarita Salt Rimmer,40010 Pink Himalayan Margarita Salt Rimmer,Pink Himalayan Margarita Salt Rimmer,40010 Pink Himalayan Margarita Salt Rimmer
Sizzling Spicy Salt Rimmer,40011 Sizzling Spicy Salt Rimmer,Sizzling Spicy Salt Rimmer,40011 Sizzling Spicy Salt Rimmer
Golden Demerara Rimming Sugar,40012 Golden Demerara Rimming Sugar,Golden Demerara Rimming Sugar,40012 Golden Demerara Rimming Sugar
Sweet Cinnamon Vanilla Sugar Rimmer,40013 Sweet Cinnamon Vanilla Sugar Rimmer,Sweet Cinnamon Vanilla Sugar Rimmer,40013 Sweet Cinnamon Vanilla Sugar Rimmer
Insulated Tumbler,40014 Insulated Tumbler,Insulated Tumbler,40014 Insulated Tumbler
Lowball Glassware Double Walled,40015 Lowball Glassware,Lowball Glassware Double Walled,40015 Lowball Glassware
Highball Glassware Double Walled,40016 Highball Glassware,Highball Glassware Double Walled,40016 Highball Glassware
Zesty Lime Salt Rimmer,40035 Zesty Lime Salt Rimmer,Zesty Lime Salt Rimmer,40035 Zesty Lime Salt Rimmer
Capsule Drawer,40036 Capsule Drawer,Ice Maker - Sphere,40040 Ice Maker - Sphere
Ice Maker - Sphere,40040 Ice Maker - Sphere,Bartesian Travel Bag,40047 Bartesian Travel Bag
Bartesian Travel Bag,40047 Bartesian Travel Bag,Lowball Glassware,40051 Lowball Glassware
Lowball Glassware,40051 Lowball Glassware,Highball Glassware,40052 Highball Glassware
Highball Glassware,40052 Highball Glassware,Premium Cocktail Menu: 2024 Edition,40054 Premium Cocktail Menu: 2024 Edition
Premium Cocktail Menu: 2024 Edition,40054 Premium Cocktail Menu: 2024 Edition,Sour Candy Sugar Rimmer,40055 Sour Candy Sugar Rimmer
Sour Candy Sugar Rimmer,40055 Sour Candy Sugar Rimmer,The Bartesian Cocktail Maker Machine,55300 The Bartesian Cocktail Maker Machine
The Bartesian Cocktail Maker Machine,55300 The Bartesian Cocktail Maker Machine,The Bartesian Commercial Cocktail Maker Machine,55306 The Bartesian Commercial Cocktail Maker Machine
The Bartesian Commercial Cocktail Maker Machine,55306 The Bartesian Commercial Cocktail Maker Machine,Duet Machine,55310 Duet Machine
Duet Machine,55310 Duet Machine,8-Pack Whiskey Lovers Variety Pack - Canada,55397C 8-Pack Whiskey Lovers Variety Pack - Canada
8-Pack Whiskey Lovers Variety Pack,55397 8-Pack Whiskey Lovers Variety Pack,8-Pack Southside - Canada,55407C 8-Pack Southside - Canada
8-Pack Southside,55407 8-Pack Southside,8-Pack Rum Runner - Canada,55408C 8-Pack Rum Runner - Canada
8-Pack Rum Runner,55408 8-Pack Rum Runner,8-Pack Westside - Canada,55409C 8-Pack Westside - Canada
8-Pack Westside,55409 8-Pack Westside,8-Pack Low-Cal Old Fashioned - Canada,55412C 8-Pack Low-Cal Old Fashioned - Canada
8-Pack Low-Cal Old Fashioned,55412 8-Pack Low-Cal Old Fashioned,8-Pack Low-Cal Margarita - Canada,55413C 8-Pack Low-Cal Margarita - Canada
8-Pack Low-Cal Margarita,55413 8-Pack Low-Cal Margarita,8-Pack Amaretto Sour - Canada,55414C 8-Pack Amaretto Sour - Canada
8-Pack Amaretto Sour,55414 8-Pack Amaretto Sour,8-Pack Apple Pie - Canada,55415C 8-Pack Apple Pie - Canada
8-Pack Apple Pie,55415 8-Pack Apple Pie,8-Pack Classic Collection Variety Pack - Canada,55417C 8-Pack Classic Collection Variety Pack - Canada
8-Pack Classic Collection Variety Pack,55417 8-Pack Classic Collection Variety Pack,8-Pack Margarita - Canada,55418C 8-Pack Margarita - Canada
8-Pack Margarita,55418 8-Pack Margarita,8-Pack Cosmopolitan - Canada,55419C 8-Pack Cosmopolitan - Canada
8-Pack Cosmopolitan,55419 8-Pack Cosmopolitan,8-Pack Whiskey Sour - Canada,55420C 8-Pack Whiskey Sour - Canada
8-Pack Whiskey Sour,55420 8-Pack Whiskey Sour,8-Pack Rum Breeze - Canada,55421C 8-Pack Rum Breeze - Canada
8-Pack Rum Breeze,55421 8-Pack Rum Breeze,8-Pack Sex on the Beach - Canada,55422C 8-Pack Sex on the Beach - Canada
8-Pack Sex on the Beach,55422 8-Pack Sex on the Beach,8-Pack Uptown Rocks - Canada,55423C 8-Pack Uptown Rocks - Canada
8-Pack Uptown Rocks,55423 8-Pack Uptown Rocks,8-Pack Old Fashioned - Canada,55424C 8-Pack Old Fashioned - Canada
8-Pack Old Fashioned,55424 8-Pack Old Fashioned,8-Pack Long Island Iced Tea - Canada,55427C 8-Pack Long Island Iced Tea - Canada
8-Pack Long Island Iced Tea,55427 8-Pack Long Island Iced Tea,8-Pack Mango Margarita - Canada,55428C 8-Pack Mango Margarita - Canada
8-Pack Mango Margarita,55428 8-Pack Mango Margarita,8-Pack Paper Plane - Canada,55430C 8-Pack Paper Plane - Canada
8-Pack Paper Plane,55430 8-Pack Paper Plane,8-Pack Manhattan - Canada,55431C 8-Pack Manhattan - Canada
8-Pack Manhattan,55431 8-Pack Manhattan,8-Pack Mai Tai - Canada,55432C 8-Pack Mai Tai - Canada
8-Pack Mai Tai,55432 8-Pack Mai Tai,8-Pack Negroni - Canada,55433C 8-Pack Negroni - Canada
8-Pack Negroni,55433 8-Pack Negroni,8-Pack Aviation - Canada,55434C 8-Pack Aviation - Canada
8-Pack Aviation,55434 8-Pack Aviation,8-Pack Ginger Peach Iced Tea - Canada,55435C 8-Pack Ginger Peach Iced Tea - Canada
8-Pack Ginger Peach Iced Tea,55435 8-Pack Ginger Peach Iced Tea,8-Pack Spicy Margarita - Canada,55438C 8-Pack Spicy Margarita - Canada
8-Pack Mint Julep,55436 8-Pack Mint Julep,8-Pack Low-Cal Cosmopolitan - Canada,55442C 8-Pack Low-Cal Cosmopolitan - Canada
8-Pack Spicy Margarita,55438 8-Pack Spicy Margarita,8-Pack Low-Cal Whiskey Sour - Canada,55443C 8-Pack Low-Cal Whiskey Sour - Canada
8-Pack Low-Cal Cosmopolitan,55442 8-Pack Low-Cal Cosmopolitan,8-Pack Whiskey Smash - Canada,55444C 8-Pack Whiskey Smash - Canada
8-Pack Low-Cal Whiskey Sour,55443 8-Pack Low-Cal Whiskey Sour,8-Pack Lemon Drop - Canada,55446C 8-Pack Lemon Drop - Canada
8-Pack Whiskey Smash,55444 8-Pack Whiskey Smash,8-Pack Jalapeno Lime Shrub - Canada,55448C 8-Pack Jalapeno Lime Shrub - Canada
8-Pack Lemon Drop,55446 8-Pack Lemon Drop,8-Pack Northside - Canada,55450C 8-Pack Northside - Canada
8-Pack Jalapeno Lime Shrub,55448 8-Pack Jalapeno Lime Shrub,8-Pack Pineapple Sage Vodka Still - Canada,55454C 8-Pack Pineapple Sage Vodka Still - Canada
8-Pack Northside,55450 8-Pack Northside,8-Pack Hurricane - Canada,55455C 8-Pack Hurricane - Canada
8-Pack Pineapple Sage Vodka Still,55454 8-Pack Pineapple Sage Vodka Still,8-Pack Blackberry Margarita - Canada,55456C 8-Pack Blackberry Margarita - Canada
8-Pack Hurricane,55455 8-Pack Hurricane,8-Pack Pineapple Margarita - Canada,55457C 8-Pack Pineapple Margarita - Canada
8-Pack Blackberry Margarita,55456 8-Pack Blackberry Margarita,8-Pack Hemingway Daiquiri - Canada,55458C 8-Pack Hemingway Daiquiri - Canada
8-Pack Pineapple Margarita,55457 8-Pack Pineapple Margarita,8-Pack Sidecar - Canada,55459C 8-Pack Sidecar - Canada
8-Pack Hemingway Daiquiri,55458 8-Pack Hemingway Daiquiri,8-Pack Raspberry Ginger Gimlet - Canada,55463C 8-Pack Raspberry Ginger Gimlet - Canada
8-Pack Sidecar,55459 8-Pack Sidecar,8-Pack Passion Fruit Margarita - Canada,55464C 8-Pack Passion Fruit Margarita - Canada
8-Pack Raspberry Ginger Gimlet,55463 8-Pack Raspberry Ginger Gimlet,8-Pack Strawberry Guava Margarita - Canada,55465C 8-Pack Strawberry Guava Margarita - Canada
8-Pack Passion Fruit Margarita,55464 8-Pack Passion Fruit Margarita,8-Pack White Sangria - Canada,55474C 8-Pack White Sangria - Canada
8-Pack Strawberry Guava Margarita,55465 8-Pack Strawberry Guava Margarita,8-Pack Tequila Sunrise - Canada,55477C 8-Pack Tequila Sunrise - Canada
8-Pack White Sangria,55474 8-Pack White Sangria,8-Pack Jungle Bird - Canada,55478C 8-Pack Jungle Bird - Canada
8-Pack Tequila Sunrise,55477 8-Pack Tequila Sunrise,8-Pack Mistletoe Margarita - Canada,55480C 8-Pack Mistletoe Margarita - Canada
8-Pack Jungle Bird,55478 8-Pack Jungle Bird,8-Pack Bees Knees - Canada,55485C 8-Pack Bees Knees - Canada
8-Pack Bees Knees,55485 8-Pack Bees Knees,8-Pack Penicillin - Canada,55490C 8-Pack Penicillin - Canada
8-Pack Penicillin,55490 8-Pack Penicillin,8-Pack Painkiller Capsules - Canada,55491C 8-Pack Painkiller Capsules - Canada
8-Pack Painkiller Capsules,55491 8-Pack Painkiller Capsules,8-Pack Blood and Sand - Canada,55492C 8-Pack Blood and Sand - Canada
8-Pack Blood and Sand,55492 8-Pack Blood and Sand,8-Pack Pomegranate Margarita - Canada,55495C 8-Pack Pomegranate Margarita - Canada
8-Pack Pomegranate Margarita,55495 8-Pack Pomegranate Margarita,8-Pack Espresso Martini - Canada,55506C 8-Pack Espresso Martini - Canada
8-Pack Espresso Martini,55506 8-Pack Espresso Martini,8-Pack Tropical Collection - Canada,55507C 8-Pack Tropical Collection - Canada
8-Pack Tropical Collection,55507 8-Pack Tropical Collection,8-Pack Dirty Vodka Martini - Canada,55508C 8-Pack Dirty Vodka Martini - Canada
8-Pack Dirty Vodka Martini,55508 8-Pack Dirty Vodka Martini,8-Pack Rum Swizzle - Canada,55511C 8-Pack Rum Swizzle - Canada
8-Pack Rum Swizzle,55511 8-Pack Rum Swizzle,8-Pack Watermelon Margarita - Canada,55523C 8-Pack Watermelon Margarita - Canada
8-Pack Watermelon Margarita,55523 8-Pack Watermelon Margarita,6-Pack Classic Collection Favorites Variety Pack - Canada,55524C 6-Pack Classic Collection Favorites Variety Pack - Canada
6-Pack Classic Collection Favorites Variety Pack,55524 6-Pack Classic Collection Favorites Variety Pack,8-Pack Great Gatsby - Canada,55527C 8-Pack Great Gatsby - Canada
8-Pack Great Gatsby,55527 8-Pack Great Gatsby,8-Pack Low-Cal Variety Pack - Canada,75526C 8-Pack Low-Cal Variety Pack - Canada
8-Pack Low-Cal Variety Pack,75526 8-Pack Low-Cal Variety Pack,8-Pack Rum Lovers Variety Pack - Canada,75542C 8-Pack Rum Lovers Variety Pack - Canada
8-Pack Rum Lovers Variety Pack,75542 8-Pack Rum Lovers Variety Pack,8-Pack Gin Lovers Variety Pack - Canada,75546C 8-Pack Gin Lovers Variety Pack - Canada
8-Pack Gin Lovers Variety Pack,75546 8-Pack Gin Lovers Variety Pack,8-Pack Vodka Lovers Variety Pack - Canada,75547C 8-Pack Vodka Lovers Variety Pack - Canada
8-Pack Vodka Lovers Variety Pack,75547 8-Pack Vodka Lovers Variety Pack,8-Pack Poolside Vibes Variety Pack - Canada,75548C 8-Pack Poolside Vibes Variety Pack - Canada
8-Pack Poolside Vibes Variety Pack,75548 8-Pack Poolside Vibes Variety Pack,8-Pack Bloody Mary - Canada,75551C 8-Pack Bloody Mary - Canada
8-Pack Bloody Mary,75551 8-Pack Bloody Mary,8-Pack Lychee Martini - Canada,75563C 8-Pack Lychee Martini - Canada
8-Pack Lychee Martini,75563 8-Pack Lychee Martini,8-Pack Strawberry Coconut Daiquiri - Canada,75570C 8-Pack Strawberry Coconut Daiquiri - Canada
8-Pack Strawberry Coconut Daiquiri,75570 8-Pack Strawberry Coconut Daiquiri,Capsule Drawer,850024487284 Capsule Drawer
Stemless Martini Glassware,850024487314 Stemless Martini Glassware,Stemless Martini Glassware,850024487314 Stemless Martini Glassware
Stemless Margarita Glassware,850024487338 Stemless Margarita Glassware,Stemless Margarita Glassware,850024487338 Stemless Margarita Glassware
Coupe Glassware,850024487352 Coupe Glassware,Coupe Glassware,850024487352 Coupe Glassware
Ice Maker - Cube,850024487475 Ice Maker - Cube,Ice Maker - Cube,850024487475 Ice Maker - Cube
Capsule Storage Rack (B2B Rack),850024487529 Capsule Storage Rack (B2B Rack),Capsule Storage Rack (B2B Rack),850024487529 Capsule Storage Rack (B2B Rack)
Carousel Display Rack (Consumer Rack),850024487536 Carousel Display Rack (Consumer Rack),Carousel Display Rack (Consumer Rack),850024487536 Carousel Display Rack (Consumer Rack)
Duet Replacement Glass Spirit Bottle,850024487741 Duet Replacement Glass Spirit Bottle,Duet Replacement Glass Spirit Bottle,850024487741 Duet Replacement Glass Spirit Bottle
